time;lat;lon;pr;tmax;tmin;ih
05-2000;-37,375;-72,925;92,490;15,549;5,409;3
05-2000;-37,375;-72,875;79,120;15,589;5,237;3
05-2000;-37,375;-72,825;67,670;15,674;5,009;3
05-2000;-37,375;-72,775;62,530;15,555;4,823;3
05-2000;-37,375;-72,725;60,130;15,470;4,585;3
05-2000;-37,375;-72,675;55,020;15,806;4,615;3
05-2000;-37,375;-72,625;51,140;15,860;4,454;3
05-2000;-37,375;-72,575;50,680;16,083;4,370;3
05-2000;-37,375;-72,525;47,840;16,085;4,439;3
05-2000;-37,375;-72,475;50,620;16,132;4,547;3
05-2000;-37,375;-72,425;53,170;16,013;4,638;3
05-2000;-37,375;-72,375;55,860;16,017;4,639;3
05-2000;-37,375;-72,325;59,260;16,106;4,528;3
05-2000;-37,375;-72,275;61,600;16,213;4,565;3
05-2000;-37,375;-72,225;63,030;16,225;4,584;3
05-2000;-37,375;-72,175;62,810;16,094;4,560;3
05-2000;-37,375;-72,125;62,440;15,778;4,535;3
05-2000;-37,375;-72,075;63,730;15,562;4,815;3
05-2000;-37,375;-72,025;65,240;15,829;4,918;3
05-2000;-37,375;-71,975;66,210;15,724;4,809;3
05-2000;-37,375;-71,925;68,710;15,286;4,457;3
05-2000;-37,375;-71,875;68,850;14,866;4,157;3
05-2000;-37,375;-71,825;73,020;14,427;3,979;3
05-2000;-37,375;-71,775;76,910;14,265;4,133;3
05-2000;-37,375;-71,725;75,250;14,140;4,124;3
05-2000;-37,375;-71,675;81,280;13,130;3,575;2
05-2000;-37,375;-71,625;104,030;12,107;1,914;2
05-2000;-37,375;-71,575;83,300;12,840;2,867;2
05-2000;-37,375;-71,525;80,980;12,547;2,446;2
05-2000;-37,375;-71,475;75,700;12,798;2,966;2
05-2000;-37,375;-71,425;85,500;11,551;1,382;2
05-2000;-37,375;-71,375;82,350;11,240;,797;2
05-2000;-37,375;-71,325;70,070;11,127;,560;2
05-2000;-37,375;-71,275;65,840;11,202;,545;2
05-2000;-37,375;-71,225;73,550;10,078;-,421;1
05-2000;-37,375;-71,175;69,810;9,931;-,970;1
05-2000;-37,375;-71,125;57,230;10,288;-,734;1
05-2000;-37,375;-71,075;59,190;10,673;-,721;1
05-2000;-37,375;-71,025;64,720;10,262;-1,389;1
05-2000;-37,375;-70,975;61,960;10,357;-1,709;1
05-2000;-37,325;-72,925;87,140;15,572;5,655;3
05-2000;-37,325;-72,875;76,730;15,679;5,355;3
05-2000;-37,325;-72,825;67,900;15,634;5,114;3
05-2000;-37,325;-72,775;62,100;15,713;4,952;3
05-2000;-37,325;-72,725;57,240;16,033;4,863;3
05-2000;-37,325;-72,675;55,810;15,963;4,695;3
05-2000;-37,325;-72,625;52,700;15,966;4,501;3
05-2000;-37,325;-72,575;52,770;15,916;4,670;3
05-2000;-37,325;-72,525;52,440;15,990;4,448;3
05-2000;-37,325;-72,475;53,440;16,038;4,491;3
05-2000;-37,325;-72,425;55,370;16,097;4,581;3
05-2000;-37,325;-72,375;57,420;16,123;4,608;3
05-2000;-37,325;-72,325;60,770;16,093;4,574;3
05-2000;-37,325;-72,275;63,110;16,118;4,491;3
05-2000;-37,325;-72,225;64,190;16,032;4,501;3
05-2000;-37,325;-72,175;63,190;15,987;4,533;3
05-2000;-37,325;-72,125;62,240;15,879;4,516;3
05-2000;-37,325;-72,075;63,410;15,776;4,731;3
05-2000;-37,325;-72,025;65,020;15,678;4,998;3
05-2000;-37,325;-71,975;64,460;15,698;5,103;3
05-2000;-37,325;-71,925;66,910;15,422;4,685;3
05-2000;-37,325;-71,875;70,730;14,753;4,165;3
05-2000;-37,325;-71,825;66,160;15,233;4,374;3
05-2000;-37,325;-71,775;64,590;15,357;4,430;3
05-2000;-37,325;-71,725;66,310;14,878;4,431;3
05-2000;-37,325;-71,675;69,410;14,853;4,373;3
05-2000;-37,325;-71,625;72,750;14,375;4,279;3
05-2000;-37,325;-71,575;69,360;14,060;4,085;3
05-2000;-37,325;-71,525;74,510;12,812;3,185;2
05-2000;-37,325;-71,475;90,350;11,247;1,150;2
05-2000;-37,325;-71,425;91,510;10,559;,505;1
05-2000;-37,325;-71,375;85,700;9,946;-,147;1
05-2000;-37,325;-71,325;67,320;10,504;,776;1
05-2000;-37,325;-71,275;65,880;10,676;,019;1
05-2000;-37,325;-71,225;76,720;9,906;-,981;1
05-2000;-37,325;-71,175;70,320;9,456;-1,261;1
05-2000;-37,325;-71,125;69,020;9,442;-1,264;1
05-2000;-37,325;-71,075;73,650;8,808;-1,749;1
05-2000;-37,325;-71,025;68,780;8,623;-2,571;1
05-2000;-37,325;-70,975;50,210;9,103;-2,040;1
05-2000;-37,275;-72,925;82,810;15,694;5,763;3
05-2000;-37,275;-72,875;72,380;15,836;5,612;3
05-2000;-37,275;-72,825;65,140;15,884;5,354;3
05-2000;-37,275;-72,775;63,150;15,609;5,067;3
05-2000;-37,275;-72,725;56,930;16,058;5,048;3
05-2000;-37,275;-72,675;55,250;16,049;4,815;3
05-2000;-37,275;-72,625;53,540;16,063;4,657;3
05-2000;-37,275;-72,575;55,390;16,194;4,727;3
05-2000;-37,275;-72,525;57,130;16,013;4,718;3
05-2000;-37,275;-72,475;56,120;16,215;4,550;3
05-2000;-37,275;-72,425;56,640;16,183;4,533;3
05-2000;-37,275;-72,375;58,210;16,167;4,534;3
05-2000;-37,275;-72,325;60,790;16,110;4,635;3
05-2000;-37,275;-72,275;64,180;15,944;4,564;3
05-2000;-37,275;-72,225;65,290;15,899;4,519;3
05-2000;-37,275;-72,175;64,160;15,825;4,550;3
05-2000;-37,275;-72,125;62,600;15,752;4,592;3
05-2000;-37,275;-72,075;62,970;15,897;4,762;3
05-2000;-37,275;-72,025;62,780;15,858;4,966;3
05-2000;-37,275;-71,975;62,520;16,017;4,914;3
05-2000;-37,275;-71,925;63,710;15,506;4,667;3
05-2000;-37,275;-71,875;69,220;15,119;4,062;3
05-2000;-37,275;-71,825;70,120;14,609;4,139;3
05-2000;-37,275;-71,775;73,050;14,257;4,193;3
05-2000;-37,275;-71,725;75,030;13,772;3,901;3
05-2000;-37,275;-71,675;82,790;12,858;3,212;2
05-2000;-37,275;-71,625;102,200;11,700;1,928;2
05-2000;-37,275;-71,575;95,080;11,844;2,053;2
05-2000;-37,275;-71,525;93,590;11,421;1,317;2
05-2000;-37,275;-71,475;73,780;12,430;1,925;2
05-2000;-37,275;-71,425;83,500;10,887;,402;1
05-2000;-37,275;-71,375;82,350;9,967;-,653;1
05-2000;-37,275;-71,325;62,450;11,223;,873;2
05-2000;-37,275;-71,275;71,770;10,768;-,303;1
05-2000;-37,275;-71,225;74,980;9,645;-1,676;1
05-2000;-37,275;-71,175;74,280;9,345;-1,799;1
05-2000;-37,275;-71,125;78,840;8,623;-2,236;1
05-2000;-37,275;-71,075;76,200;8,590;-2,160;1
05-2000;-37,275;-71,025;83,340;7,753;-3,178;1
05-2000;-37,275;-70,975;70,450;8,295;-3,302;1
05-2000;-37,225;-72,925;81,650;15,262;5,785;3
05-2000;-37,225;-72,875;74,150;15,310;5,476;3
05-2000;-37,225;-72,825;64,890;15,672;5,532;3
05-2000;-37,225;-72,775;60,240;15,719;5,311;3
05-2000;-37,225;-72,725;60,500;15,727;5,043;3
05-2000;-37,225;-72,675;57,710;15,878;4,815;3
05-2000;-37,225;-72,625;53,060;15,997;4,817;3
05-2000;-37,225;-72,575;55,090;16,063;4,759;3
05-2000;-37,225;-72,525;56,860;16,060;4,643;3
05-2000;-37,225;-72,475;58,480;16,123;4,599;3
05-2000;-37,225;-72,425;60,520;16,129;4,541;3
05-2000;-37,225;-72,375;62,520;16,059;4,531;3
05-2000;-37,225;-72,325;65,460;16,032;4,573;3
05-2000;-37,225;-72,275;66,060;15,964;4,520;3
05-2000;-37,225;-72,225;64,970;15,871;4,516;3
05-2000;-37,225;-72,175;67,070;15,969;4,505;3
05-2000;-37,225;-72,125;63,440;15,897;4,475;3
05-2000;-37,225;-72,075;61,230;15,960;4,694;3
05-2000;-37,225;-72,025;60,590;15,870;4,837;3
05-2000;-37,225;-71,975;61,300;15,989;4,595;3
05-2000;-37,225;-71,925;62,490;15,689;4,402;3
05-2000;-37,225;-71,875;64,730;14,818;4,140;3
05-2000;-37,225;-71,825;72,850;14,402;3,752;3
05-2000;-37,225;-71,775;81,150;13,585;3,649;2
05-2000;-37,225;-71,725;86,610;13,265;3,316;2
05-2000;-37,225;-71,675;91,830;12,471;2,685;2
05-2000;-37,225;-71,625;102,200;11,654;1,735;2
05-2000;-37,225;-71,575;100,400;11,335;1,221;2
05-2000;-37,225;-71,525;94,100;11,077;,816;2
05-2000;-37,225;-71,475;80,580;11,789;1,314;2
05-2000;-37,225;-71,425;71,170;11,880;1,415;2
05-2000;-37,225;-71,375;89,940;9,769;-1,016;1
05-2000;-37,225;-71,325;66,060;10,681;-,081;1
05-2000;-37,225;-71,275;70,630;10,363;-,500;1
05-2000;-37,225;-71,225;71,100;10,169;-1,088;1
05-2000;-37,225;-71,175;76,000;9,908;-1,457;1
05-2000;-37,225;-71,125;76,130;10,178;-1,302;1
05-2000;-37,225;-71,075;80,790;9,794;-1,745;1
05-2000;-37,225;-71,025;86,520;9,589;-2,636;1
05-2000;-37,225;-70,975;74,160;8,630;-3,294;1
05-2000;-37,175;-72,925;68,790;15,711;6,216;3
05-2000;-37,175;-72,875;64,890;15,564;5,733;3
05-2000;-37,175;-72,825;64,340;15,556;5,341;3
05-2000;-37,175;-72,775;62,740;15,762;5,098;3
05-2000;-37,175;-72,725;60,170;15,805;5,023;3
05-2000;-37,175;-72,675;60,170;15,904;4,834;3
05-2000;-37,175;-72,625;58,260;16,054;4,688;3
05-2000;-37,175;-72,575;57,370;16,080;4,856;3
05-2000;-37,175;-72,525;59,440;15,974;4,591;3
05-2000;-37,175;-72,475;60,150;16,031;4,635;3
05-2000;-37,175;-72,425;61,620;16,203;4,450;3
05-2000;-37,175;-72,375;63,500;16,119;4,343;3
05-2000;-37,175;-72,325;65,830;15,921;4,436;3
05-2000;-37,175;-72,275;68,480;16,034;4,411;3
05-2000;-37,175;-72,225;68,380;16,012;4,438;3
05-2000;-37,175;-72,175;65,950;15,967;4,429;3
05-2000;-37,175;-72,125;64,230;15,794;4,422;3
05-2000;-37,175;-72,075;63,840;16,053;4,522;3
05-2000;-37,175;-72,025;62,960;16,053;4,710;3
05-2000;-37,175;-71,975;60,900;15,929;4,559;3
05-2000;-37,175;-71,925;63,810;15,389;4,223;3
05-2000;-37,175;-71,875;67,060;14,539;4,126;3
05-2000;-37,175;-71,825;71,600;14,092;4,019;3
05-2000;-37,175;-71,775;82,800;13,401;3,451;2
05-2000;-37,175;-71,725;93,640;12,806;3,006;2
05-2000;-37,175;-71,675;87,920;13,168;3,360;2
05-2000;-37,175;-71,625;104,420;11,589;1,690;2
05-2000;-37,175;-71,575;105,010;10,945;,839;2
05-2000;-37,175;-71,525;101,850;10,674;,326;1
05-2000;-37,175;-71,475;82,100;11,892;1,303;2
05-2000;-37,175;-71,425;75,940;11,855;1,209;2
05-2000;-37,175;-71,375;89,180;9,833;-1,218;1
05-2000;-37,175;-71,325;74,710;10,581;-,941;1
05-2000;-37,175;-71,275;74,640;10,492;-1,085;1
05-2000;-37,175;-71,225;75,500;10,152;-1,400;1
05-2000;-37,175;-71,175;83,050;9,703;-1,405;1
05-2000;-37,175;-71,125;93,170;9,036;-1,804;1
05-2000;-37,175;-71,075;87,010;8,488;-2,404;1
05-2000;-37,175;-71,025;72,580;8,387;-2,561;1
05-2000;-37,175;-70,975;76,580;9,262;-1,937;1
05-2000;-37,125;-72,925;64,260;15,607;6,123;3
05-2000;-37,125;-72,875;66,100;15,414;5,513;3
05-2000;-37,125;-72,825;69,260;15,369;5,105;3
05-2000;-37,125;-72,775;64,240;15,771;4,984;3
05-2000;-37,125;-72,725;60,620;16,004;4,986;3
05-2000;-37,125;-72,675;61,890;16,008;4,901;3
05-2000;-37,125;-72,625;61,640;16,266;4,803;3
05-2000;-37,125;-72,575;59,000;16,268;4,668;3
05-2000;-37,125;-72,525;58,420;16,247;4,594;3
05-2000;-37,125;-72,475;60,180;16,163;4,475;3
05-2000;-37,125;-72,425;62,020;16,148;4,409;3
05-2000;-37,125;-72,375;63,870;16,199;4,285;3
05-2000;-37,125;-72,325;66,350;16,067;4,313;3
05-2000;-37,125;-72,275;68,910;16,063;4,235;3
05-2000;-37,125;-72,225;68,720;16,070;4,161;3
05-2000;-37,125;-72,175;66,480;15,990;4,177;3
05-2000;-37,125;-72,125;63,800;16,017;4,251;3
05-2000;-37,125;-72,075;63,080;16,301;4,402;3
05-2000;-37,125;-72,025;63,350;16,289;4,465;3
05-2000;-37,125;-71,975;65,580;15,966;4,432;3
05-2000;-37,125;-71,925;69,080;15,773;4,052;3
05-2000;-37,125;-71,875;70,440;14,940;3,763;3
05-2000;-37,125;-71,825;72,310;14,435;4,059;3
05-2000;-37,125;-71,775;75,640;14,230;4,018;3
05-2000;-37,125;-71,725;77,240;13,925;4,002;3
05-2000;-37,125;-71,675;84,120;13,698;3,817;2
05-2000;-37,125;-71,625;90,660;12,984;3,281;2
05-2000;-37,125;-71,575;99,150;11,884;1,744;2
05-2000;-37,125;-71,525;104,240;10,899;,102;1
05-2000;-37,125;-71,475;99,980;10,645;-,433;1
05-2000;-37,125;-71,425;76,360;11,807;,863;2
05-2000;-37,125;-71,375;87,170;10,299;-1,211;1
05-2000;-37,125;-71,325;78,690;10,248;-1,317;1
05-2000;-37,125;-71,275;73,070;10,487;-1,219;1
05-2000;-37,125;-71,225;75,500;10,937;-,584;1
05-2000;-37,125;-71,175;96,550;9,655;-1,784;1
05-2000;-37,125;-71,125;102,460;8,499;-2,413;1
05-2000;-37,125;-71,075;96,570;8,154;-3,179;1
05-2000;-37,125;-71,025;89,110;7,717;-3,312;1
05-2000;-37,125;-70,975;91,570;7,503;-3,645;1
05-2000;-37,075;-72,925;63,370;15,726;6,179;3
05-2000;-37,075;-72,875;63,680;15,647;5,739;3
05-2000;-37,075;-72,825;66,030;15,680;5,395;3
05-2000;-37,075;-72,775;62,870;15,788;5,007;3
05-2000;-37,075;-72,725;63,530;15,822;4,751;3
05-2000;-37,075;-72,675;64,550;16,049;4,682;3
05-2000;-37,075;-72,625;61,770;16,296;4,836;3
05-2000;-37,075;-72,575;60,670;16,534;4,634;3
05-2000;-37,075;-72,525;60,100;16,404;4,419;3
05-2000;-37,075;-72,475;60,910;16,374;4,335;3
05-2000;-37,075;-72,425;62,220;16,204;4,242;3
05-2000;-37,075;-72,375;63,570;16,185;4,147;3
05-2000;-37,075;-72,325;65,930;16,298;4,150;3
05-2000;-37,075;-72,275;67,940;16,184;4,141;3
05-2000;-37,075;-72,225;67,750;16,132;4,138;3
05-2000;-37,075;-72,175;65,020;15,940;4,144;3
05-2000;-37,075;-72,125;62,460;15,876;4,134;3
05-2000;-37,075;-72,075;62,240;16,110;4,320;3
05-2000;-37,075;-72,025;63,250;16,179;4,318;3
05-2000;-37,075;-71,975;66,050;15,861;4,182;3
05-2000;-37,075;-71,925;70,640;15,202;3,858;3
05-2000;-37,075;-71,875;75,770;14,892;3,402;3
05-2000;-37,075;-71,825;77,690;14,542;3,415;3
05-2000;-37,075;-71,775;80,440;14,118;3,374;2
05-2000;-37,075;-71,725;87,040;13,549;3,207;2
05-2000;-37,075;-71,675;96,450;12,897;2,709;2
05-2000;-37,075;-71,625;109,920;12,152;1,963;2
05-2000;-37,075;-71,575;113,560;11,258;,832;2
05-2000;-37,075;-71,525;110,420;10,760;-,148;1
05-2000;-37,075;-71,475;93,340;11,494;,463;2
05-2000;-37,075;-71,425;83,850;12,259;,810;2
05-2000;-37,075;-71,375;81,910;11,878;,202;2
05-2000;-37,075;-71,325;81,530;11,390;-,210;1
05-2000;-37,075;-71,275;93,040;9,394;-2,012;1
05-2000;-37,075;-71,225;83,930;9,769;-1,657;1
05-2000;-37,075;-71,175;101,480;9,210;-2,413;1
05-2000;-37,075;-71,125;102,790;8,560;-2,923;1
05-2000;-37,075;-71,075;92,240;8,226;-3,224;1
05-2000;-37,075;-71,025;86,670;8,164;-3,308;1
05-2000;-37,075;-70,975;83,160;8,652;-3,581;1
05-2000;-37,025;-72,925;64,640;15,580;6,077;3
05-2000;-37,025;-72,875;63,130;15,604;5,611;3
05-2000;-37,025;-72,825;60,090;15,780;5,615;3
05-2000;-37,025;-72,775;62,990;15,837;5,064;3
05-2000;-37,025;-72,725;64,610;16,120;4,806;3
05-2000;-37,025;-72,675;64,620;16,051;4,818;3
05-2000;-37,025;-72,625;64,260;16,208;4,640;3
05-2000;-37,025;-72,575;61,350;16,411;4,743;3
05-2000;-37,025;-72,525;60,720;16,365;4,462;3
05-2000;-37,025;-72,475;61,520;16,381;4,317;3
05-2000;-37,025;-72,425;62,630;16,314;4,178;3
05-2000;-37,025;-72,375;63,360;16,091;4,092;3
05-2000;-37,025;-72,325;64,700;16,201;4,122;3
05-2000;-37,025;-72,275;66,710;16,237;4,128;3
05-2000;-37,025;-72,225;66,240;16,142;4,209;3
05-2000;-37,025;-72,175;63,730;16,093;4,167;3
05-2000;-37,025;-72,125;61,500;16,275;4,009;3
05-2000;-37,025;-72,075;61,720;16,240;4,117;3
05-2000;-37,025;-72,025;62,330;16,155;4,088;3
05-2000;-37,025;-71,975;65,220;15,839;3,955;3
05-2000;-37,025;-71,925;70,400;15,400;3,538;3
05-2000;-37,025;-71,875;76,570;14,568;3,145;3
05-2000;-37,025;-71,825;81,460;14,446;3,147;2
05-2000;-37,025;-71,775;88,670;13,981;3,130;2
05-2000;-37,025;-71,725;96,110;13,577;2,891;2
05-2000;-37,025;-71,675;100,520;12,723;2,347;2
05-2000;-37,025;-71,625;120,580;11,581;1,020;2
05-2000;-37,025;-71,575;116,450;11,365;,760;2
05-2000;-37,025;-71,525;109,020;11,484;,442;2
05-2000;-37,025;-71,475;103,100;11,339;,437;2
05-2000;-37,025;-71,425;101,580;11,021;,100;1
05-2000;-37,025;-71,375;97,940;10,797;-,688;1
05-2000;-37,025;-71,325;91,320;10,974;-,511;1
05-2000;-37,025;-71,275;101,560;9,467;-2,238;1
05-2000;-37,025;-71,225;107,910;8,201;-3,294;1
05-2000;-37,025;-71,175;102,430;8,175;-3,547;1
05-2000;-37,025;-71,125;89,390;8,744;-2,526;1
05-2000;-37,025;-71,075;76,300;8,926;-2,419;1
05-2000;-37,025;-71,025;68,490;10,714;-1,237;1
05-2000;-37,025;-70,975;73,160;11,341;-1,379;1
05-2000;-36,975;-72,925;54,610;15,700;5,303;3
05-2000;-36,975;-72,875;59,610;15,355;4,966;3
05-2000;-36,975;-72,825;60,460;15,442;4,783;3
05-2000;-36,975;-72,775;63,640;15,294;4,573;3
05-2000;-36,975;-72,725;64,140;15,508;4,419;3
05-2000;-36,975;-72,675;62,620;15,670;4,453;3
05-2000;-36,975;-72,625;60,940;15,920;4,485;3
05-2000;-36,975;-72,575;60,830;16,123;4,152;3
05-2000;-36,975;-72,525;60,550;16,305;4,155;3
05-2000;-36,975;-72,475;61,530;16,277;4,034;3
05-2000;-36,975;-72,425;62,310;16,122;4,020;3
05-2000;-36,975;-72,375;63,460;16,036;4,011;3
05-2000;-36,975;-72,325;63,720;16,281;4,031;3
05-2000;-36,975;-72,275;64,940;16,367;4,033;3
05-2000;-36,975;-72,225;64,640;16,263;4,121;3
05-2000;-36,975;-72,175;63,900;16,181;4,051;3
05-2000;-36,975;-72,125;62,650;16,104;4,004;3
05-2000;-36,975;-72,075;62,540;16,279;3,844;3
05-2000;-36,975;-72,025;63,070;16,271;3,832;3
05-2000;-36,975;-71,975;66,240;16,090;3,663;3
05-2000;-36,975;-71,925;71,920;15,897;3,442;3
05-2000;-36,975;-71,875;78,940;15,256;3,324;3
05-2000;-36,975;-71,825;84,240;14,750;3,446;3
05-2000;-36,975;-71,775;91,390;14,608;3,258;3
05-2000;-36,975;-71,725;104,800;13,362;3,171;2
05-2000;-36,975;-71,675;113,310;12,851;2,602;2
05-2000;-36,975;-71,625;123,040;11,903;1,892;2
05-2000;-36,975;-71,575;114,340;11,890;1,700;2
05-2000;-36,975;-71,525;104,010;12,719;1,677;2
05-2000;-36,975;-71,475;108,140;12,414;1,060;2
05-2000;-36,975;-71,425;111,010;10,756;-,144;1
05-2000;-36,975;-71,375;109,850;9,895;-,829;1
05-2000;-36,975;-71,325;101,230;9,816;-1,441;1
05-2000;-36,975;-71,275;98,310;9,255;-1,779;1
05-2000;-36,975;-71,225;98,950;7,112;-2,768;1
05-2000;-36,975;-71,175;74,630;8,105;-2,238;1
05-2000;-36,975;-71,125;63,330;8,810;-1,794;1
05-2000;-36,975;-71,075;68,410;8,840;-1,955;1
05-2000;-36,975;-71,025;56,390;7,996;-2,117;1
05-2000;-36,975;-70,975;38,910;10,444;-1,384;1
05-2000;-36,925;-72,925;59,270;15,024;5,244;3
05-2000;-36,925;-72,875;60,900;15,257;4,937;3
05-2000;-36,925;-72,825;62,250;15,248;4,673;3
05-2000;-36,925;-72,775;63,880;15,171;4,601;3
05-2000;-36,925;-72,725;66,120;15,009;4,482;3
05-2000;-36,925;-72,675;66,010;14,980;4,468;3
05-2000;-36,925;-72,625;63,430;15,621;4,510;3
05-2000;-36,925;-72,575;58,710;16,141;4,290;3
05-2000;-36,925;-72,525;59,040;16,346;4,000;3
05-2000;-36,925;-72,475;59,630;16,079;4,186;3
05-2000;-36,925;-72,425;61,600;15,995;4,141;3
05-2000;-36,925;-72,375;61,270;15,990;4,021;3
05-2000;-36,925;-72,325;61,800;16,078;3,940;3
05-2000;-36,925;-72,275;62,380;15,994;3,998;3
05-2000;-36,925;-72,225;62,600;16,245;3,959;3
05-2000;-36,925;-72,175;61,800;16,195;3,973;3
05-2000;-36,925;-72,125;61,140;16,346;3,892;3
05-2000;-36,925;-72,075;61,390;16,464;3,761;3
05-2000;-36,925;-72,025;62,030;16,407;3,712;3
05-2000;-36,925;-71,975;65,110;16,346;3,617;3
05-2000;-36,925;-71,925;70,580;16,172;3,434;3
05-2000;-36,925;-71,875;76,370;15,669;3,410;3
05-2000;-36,925;-71,825;81,400;15,221;3,526;3
05-2000;-36,925;-71,775;91,070;14,546;3,506;3
05-2000;-36,925;-71,725;101,380;13,977;3,204;2
05-2000;-36,925;-71,675;121,520;12,806;2,686;2
05-2000;-36,925;-71,625;119,560;12,977;2,436;2
05-2000;-36,925;-71,575;103,830;13,556;2,143;2
05-2000;-36,925;-71,525;116,060;12,107;1,138;2
05-2000;-36,925;-71,475;117,170;11,614;,775;2
05-2000;-36,925;-71,425;113,390;10,894;-,202;1
05-2000;-36,925;-71,375;122,890;9,228;-1,501;1
05-2000;-36,925;-71,325;121,300;7,784;-2,269;1
05-2000;-36,925;-71,275;102,670;8,321;-2,188;1
05-2000;-36,925;-71,225;75,000;9,688;-1,975;1
05-2000;-36,925;-71,175;67,700;10,852;-1,227;1
05-2000;-36,925;-71,125;73,440;9,499;-1,733;1
05-2000;-36,925;-71,075;71,350;8,556;-2,266;1
05-2000;-36,925;-71,025;53,310;9,247;-1,980;1
05-2000;-36,925;-70,975;40,100;10,510;-1,621;1
05-2000;-36,875;-72,925;61,160;15,090;5,036;3
05-2000;-36,875;-72,875;58,830;15,446;4,903;3
05-2000;-36,875;-72,825;59,440;15,588;4,546;3
05-2000;-36,875;-72,775;59,800;15,478;4,303;3
05-2000;-36,875;-72,725;60,170;15,491;4,448;3
05-2000;-36,875;-72,675;63,410;15,294;4,516;3
05-2000;-36,875;-72,625;63,760;15,332;4,535;3
05-2000;-36,875;-72,575;57,650;15,952;4,500;3
05-2000;-36,875;-72,525;59,890;16,169;4,389;3
05-2000;-36,875;-72,475;59,240;16,246;4,266;3
05-2000;-36,875;-72,425;59,620;16,232;4,120;3
05-2000;-36,875;-72,375;58,960;16,284;4,132;3
05-2000;-36,875;-72,325;59,260;16,567;3,925;3
05-2000;-36,875;-72,275;60,290;16,591;3,939;3
05-2000;-36,875;-72,225;60,810;16,461;3,858;3
05-2000;-36,875;-72,175;60,470;16,489;3,810;3
05-2000;-36,875;-72,125;60,640;16,411;3,799;3
05-2000;-36,875;-72,075;61,100;16,440;3,810;3
05-2000;-36,875;-72,025;61,570;16,447;3,834;3
05-2000;-36,875;-71,975;64,430;16,362;3,704;3
05-2000;-36,875;-71,925;69,340;16,126;3,616;3
05-2000;-36,875;-71,875;75,340;15,870;3,474;3
05-2000;-36,875;-71,825;81,490;15,510;3,537;3
05-2000;-36,875;-71,775;90,100;15,129;3,459;3
05-2000;-36,875;-71,725;101,110;14,475;3,288;3
05-2000;-36,875;-71,675;111,870;13,785;2,834;2
05-2000;-36,875;-71,625;111,750;14,172;2,604;2
05-2000;-36,875;-71,575;113,280;13,271;2,049;2
05-2000;-36,875;-71,525;123,050;11,833;,747;2
05-2000;-36,875;-71,475;125,320;10,691;-,605;1
05-2000;-36,875;-71,425;139,110;8,934;-1,870;1
05-2000;-36,875;-71,375;144,810;7,290;-2,450;1
05-2000;-36,875;-71,325;109,010;9,845;-2,025;1
05-2000;-36,875;-71,275;94,260;10,132;-1,737;1
05-2000;-36,875;-71,225;71,200;11,097;-1,222;1
05-2000;-36,875;-71,175;76,550;9,922;-1,528;1
05-2000;-36,875;-71,125;68,310;9,052;-1,687;1
05-2000;-36,875;-71,075;55,250;10,411;-1,520;1
05-2000;-36,875;-71,025;50,710;10,553;-1,462;1
05-2000;-36,875;-70,975;45,340;10,868;-1,290;1
05-2000;-36,825;-72,925;52,150;15,597;4,988;3
05-2000;-36,825;-72,875;52,690;15,741;4,855;3
05-2000;-36,825;-72,825;55,420;15,610;4,583;3
05-2000;-36,825;-72,775;56,440;15,637;4,334;3
05-2000;-36,825;-72,725;59,420;15,552;4,192;3
05-2000;-36,825;-72,675;63,190;15,397;4,336;3
05-2000;-36,825;-72,625;63,480;15,348;4,444;3
05-2000;-36,825;-72,575;62,430;15,488;4,460;3
05-2000;-36,825;-72,525;58,190;16,104;4,390;3
05-2000;-36,825;-72,475;55,920;16,487;4,094;3
05-2000;-36,825;-72,425;55,390;16,477;4,076;3
05-2000;-36,825;-72,375;55,840;16,405;3,915;3
05-2000;-36,825;-72,325;56,860;16,499;3,941;3
05-2000;-36,825;-72,275;58,240;16,712;3,898;3
05-2000;-36,825;-72,225;58,930;16,731;3,863;3
05-2000;-36,825;-72,175;59,010;16,591;3,829;3
05-2000;-36,825;-72,125;59,500;16,523;3,741;3
05-2000;-36,825;-72,075;60,410;16,592;3,764;3
05-2000;-36,825;-72,025;61,230;16,419;3,810;3
05-2000;-36,825;-71,975;64,500;16,260;3,695;3
05-2000;-36,825;-71,925;70,000;16,058;3,490;3
05-2000;-36,825;-71,875;75,870;15,517;3,623;3
05-2000;-36,825;-71,825;81,120;15,588;3,550;3
05-2000;-36,825;-71,775;90,080;14,890;3,694;3
05-2000;-36,825;-71,725;97,450;14,663;3,326;3
05-2000;-36,825;-71,675;107,030;13,991;3,077;2
05-2000;-36,825;-71,625;117,540;13,357;2,555;2
05-2000;-36,825;-71,575;122,770;12,878;2,134;2
05-2000;-36,825;-71,525;119,090;12,464;1,166;2
05-2000;-36,825;-71,475;131,170;10,693;-,634;1
05-2000;-36,825;-71,425;153,850;8,284;-2,160;1
05-2000;-36,825;-71,375;128,190;9,355;-1,576;1
05-2000;-36,825;-71,325;103,500;10,685;-1,469;1
05-2000;-36,825;-71,275;77,320;12,978;-,441;2
05-2000;-36,825;-71,225;81,120;11,873;-,994;1
05-2000;-36,825;-71,175;83,960;9,604;-1,546;1
05-2000;-36,825;-71,125;66,390;10,329;-1,347;1
05-2000;-36,825;-71,075;56,870;10,615;-1,236;1
05-2000;-36,825;-71,025;58,130;10,490;-1,301;1
05-2000;-36,825;-70,975;65,710;8,642;-2,082;1
05-2000;-36,775;-72,925;53,240;15,069;5,048;3
05-2000;-36,775;-72,875;54,220;15,304;4,705;3
05-2000;-36,775;-72,825;53,890;15,582;4,388;3
05-2000;-36,775;-72,775;54,420;15,563;4,195;3
05-2000;-36,775;-72,725;56,390;15,567;3,987;3
05-2000;-36,775;-72,675;59,130;15,611;4,163;3
05-2000;-36,775;-72,625;58,600;15,838;4,327;3
05-2000;-36,775;-72,575;57,400;16,048;4,341;3
05-2000;-36,775;-72,525;55,140;16,163;4,339;3
05-2000;-36,775;-72,475;53,590;16,391;4,124;3
05-2000;-36,775;-72,425;52,770;16,689;3,913;3
05-2000;-36,775;-72,375;53,190;16,709;3,845;3
05-2000;-36,775;-72,325;54,330;16,751;3,883;3
05-2000;-36,775;-72,275;55,860;16,843;3,886;3
05-2000;-36,775;-72,225;56,720;16,655;3,962;3
05-2000;-36,775;-72,175;57,070;16,635;3,977;3
05-2000;-36,775;-72,125;57,440;16,360;3,993;3
05-2000;-36,775;-72,075;58,380;16,359;4,000;3
05-2000;-36,775;-72,025;59,910;16,291;4,045;3
05-2000;-36,775;-71,975;63,800;16,389;3,833;3
05-2000;-36,775;-71,925;69,140;16,234;3,544;3
05-2000;-36,775;-71,875;74,330;15,756;3,562;3
05-2000;-36,775;-71,825;79,670;15,314;3,888;3
05-2000;-36,775;-71,775;87,900;15,015;3,747;3
05-2000;-36,775;-71,725;98,460;14,442;3,493;3
05-2000;-36,775;-71,675;110,210;13,626;3,113;2
05-2000;-36,775;-71,625;124,030;12,556;2,402;2
05-2000;-36,775;-71,575;137,710;11,324;1,493;2
05-2000;-36,775;-71,525;134,840;11,501;1,172;2
05-2000;-36,775;-71,475;135,030;11,005;,276;1
05-2000;-36,775;-71,425;125,280;10,899;-,562;1
05-2000;-36,775;-71,375;115,370;11,629;-,347;1
05-2000;-36,775;-71,325;99,650;12,579;-,237;2
05-2000;-36,775;-71,275;75,350;14,083;,161;2
05-2000;-36,775;-71,225;77,110;13,153;-,423;2
05-2000;-36,775;-71,175;82,010;10,955;-1,641;1
05-2000;-36,775;-71,125;83,710;9,253;-2,170;1
05-2000;-36,775;-71,075;70,180;9,508;-2,132;1
05-2000;-36,775;-71,025;68,120;9,365;-2,128;1
05-2000;-36,775;-70,975;70,140;8,166;-2,452;1
05-2000;-36,725;-72,925;55,670;14,702;4,846;3
05-2000;-36,725;-72,875;56,420;14,945;4,757;3
05-2000;-36,725;-72,825;56,720;15,062;4,493;3
05-2000;-36,725;-72,775;56,400;15,284;4,208;3
05-2000;-36,725;-72,725;55,960;15,385;4,104;3
05-2000;-36,725;-72,675;57,670;15,278;4,221;3
05-2000;-36,725;-72,625;55,610;15,645;4,329;3
05-2000;-36,725;-72,575;56,370;15,324;4,556;3
05-2000;-36,725;-72,525;63,850;15,316;4,103;3
05-2000;-36,725;-72,475;53,880;16,190;4,347;3
05-2000;-36,725;-72,425;51,050;16,587;4,115;3
05-2000;-36,725;-72,375;51,530;16,725;3,902;3
05-2000;-36,725;-72,325;52,590;16,759;3,925;3
05-2000;-36,725;-72,275;53,880;16,686;3,963;3
05-2000;-36,725;-72,225;54,560;16,761;3,978;3
05-2000;-36,725;-72,175;55,150;16,387;4,140;3
05-2000;-36,725;-72,125;56,250;16,185;4,173;3
05-2000;-36,725;-72,075;57,500;16,099;4,139;3
05-2000;-36,725;-72,025;59,400;16,199;4,070;3
05-2000;-36,725;-71,975;62,200;16,104;4,028;3
05-2000;-36,725;-71,925;67,180;16,230;3,709;3
05-2000;-36,725;-71,875;72,630;15,991;3,489;3
05-2000;-36,725;-71,825;77,050;15,650;3,675;3
05-2000;-36,725;-71,775;83,120;15,098;3,910;3
05-2000;-36,725;-71,725;95,000;14,415;3,657;3
05-2000;-36,725;-71,675;104,790;13,983;3,305;2
05-2000;-36,725;-71,625;112,420;13,465;2,917;2
05-2000;-36,725;-71,575;117,030;12,798;2,304;2
05-2000;-36,725;-71,525;124,600;12,161;1,358;2
05-2000;-36,725;-71,475;133,130;11,496;,736;2
05-2000;-36,725;-71,425;120,910;11,783;,503;2
05-2000;-36,725;-71,375;101,670;13,673;,639;2
05-2000;-36,725;-71,325;102,980;12,604;-,001;2
05-2000;-36,725;-71,275;74,110;13,984;-,019;2
05-2000;-36,725;-71,225;93,490;11,410;-1,621;1
05-2000;-36,725;-71,175;87,430;11,047;-1,681;1
05-2000;-36,725;-71,125;94,010;8,968;-2,532;1
05-2000;-36,725;-71,075;83,600;8,705;-2,567;1
05-2000;-36,725;-71,025;72,010;9,115;-2,310;1
05-2000;-36,725;-70,975;71,420;8,632;-2,364;1
05-2000;-36,675;-72,925;54,010;14,955;5,220;3
05-2000;-36,675;-72,875;56,690;14,869;4,894;3
05-2000;-36,675;-72,825;56,460;15,174;4,508;3
05-2000;-36,675;-72,775;55,260;15,331;4,269;3
05-2000;-36,675;-72,725;57,720;15,191;4,234;3
05-2000;-36,675;-72,675;57,990;15,242;4,341;3
05-2000;-36,675;-72,625;56,490;15,388;4,385;3
05-2000;-36,675;-72,575;55,300;15,765;4,533;3
05-2000;-36,675;-72,525;61,240;15,667;4,493;3
05-2000;-36,675;-72,475;53,830;16,416;4,329;3
05-2000;-36,675;-72,425;50,230;16,525;4,318;3
05-2000;-36,675;-72,375;51,670;16,497;4,229;3
05-2000;-36,675;-72,325;52,610;16,727;4,044;3
05-2000;-36,675;-72,275;53,730;16,776;3,938;3
05-2000;-36,675;-72,225;54,930;16,574;4,012;3
05-2000;-36,675;-72,175;55,310;16,464;4,065;3
05-2000;-36,675;-72,125;55,260;16,392;4,153;3
05-2000;-36,675;-72,075;56,570;16,374;4,119;3
05-2000;-36,675;-72,025;57,570;16,567;4,014;3
05-2000;-36,675;-71,975;61,310;16,552;3,810;3
05-2000;-36,675;-71,925;66,530;16,347;3,514;3
05-2000;-36,675;-71,875;71,420;16,180;3,406;3
05-2000;-36,675;-71,825;74,510;15,880;3,574;3
05-2000;-36,675;-71,775;80,480;15,097;3,874;3
05-2000;-36,675;-71,725;91,830;14,461;3,763;3
05-2000;-36,675;-71,675;101,880;14,035;3,358;2
05-2000;-36,675;-71,625;108,940;13,781;3,032;2
05-2000;-36,675;-71,575;116,470;13,094;2,491;2
05-2000;-36,675;-71,525;120,330;12,560;1,758;2
05-2000;-36,675;-71,475;129,380;11,878;1,169;2
05-2000;-36,675;-71,425;110,250;12,684;1,139;2
05-2000;-36,675;-71,375;96,720;13,922;1,216;2
05-2000;-36,675;-71,325;86,220;14,199;1,023;2
05-2000;-36,675;-71,275;85,390;13,010;-,551;2
05-2000;-36,675;-71,225;113,490;8,903;-2,051;1
05-2000;-36,675;-71,175;99,420;9,785;-2,330;1
05-2000;-36,675;-71,125;100,740;8,595;-2,576;1
05-2000;-36,675;-71,075;84,500;9,239;-2,347;1
05-2000;-36,675;-71,025;79,840;9,005;-2,233;1
05-2000;-36,675;-70,975;78,880;8,343;-2,439;1
05-2000;-36,625;-72,925;51,790;14,944;5,771;3
05-2000;-36,625;-72,875;56,510;14,877;5,224;3
05-2000;-36,625;-72,825;54,620;15,141;4,902;3
05-2000;-36,625;-72,775;54,010;15,281;4,481;3
05-2000;-36,625;-72,725;57,380;15,293;4,251;3
05-2000;-36,625;-72,675;57,680;15,229;4,454;3
05-2000;-36,625;-72,625;54,390;15,801;4,289;3
05-2000;-36,625;-72,575;50,470;16,226;4,398;3
05-2000;-36,625;-72,525;48,920;16,527;4,486;3
05-2000;-36,625;-72,475;49,270;16,351;4,614;3
05-2000;-36,625;-72,425;49,200;16,378;4,333;3
05-2000;-36,625;-72,375;50,270;16,402;4,275;3
05-2000;-36,625;-72,325;52,640;16,512;4,214;3
05-2000;-36,625;-72,275;53,790;16,803;3,953;3
05-2000;-36,625;-72,225;54,500;16,902;3,888;3
05-2000;-36,625;-72,175;54,710;16,679;3,953;3
05-2000;-36,625;-72,125;54,830;16,738;3,880;3
05-2000;-36,625;-72,075;55,980;16,734;3,947;3
05-2000;-36,625;-72,025;57,940;16,755;3,946;3
05-2000;-36,625;-71,975;61,410;16,688;3,802;3
05-2000;-36,625;-71,925;65,410;16,526;3,660;3
05-2000;-36,625;-71,875;69,400;15,905;3,499;3
05-2000;-36,625;-71,825;71,970;16,047;3,479;3
05-2000;-36,625;-71,775;75,140;15,636;3,895;3
05-2000;-36,625;-71,725;85,400;14,714;3,782;3
05-2000;-36,625;-71,675;93,630;14,403;3,419;3
05-2000;-36,625;-71,625;103,450;14,321;3,103;2
05-2000;-36,625;-71,575;99,000;14,521;2,855;2
05-2000;-36,625;-71,525;106,130;14,096;2,554;2
05-2000;-36,625;-71,475;96,600;14,185;2,385;2
05-2000;-36,625;-71,425;100,610;13,537;1,577;2
05-2000;-36,625;-71,375;116,710;12,172;,683;2
05-2000;-36,625;-71,325;116,740;11,514;,222;2
05-2000;-36,625;-71,275;96,730;12,988;-,385;2
05-2000;-36,625;-71,225;120,780;9,441;-2,133;1
05-2000;-36,625;-71,175;106,960;9,990;-2,162;1
05-2000;-36,625;-71,125;96,320;10,037;-1,954;1
05-2000;-36,625;-71,075;80,690;11,075;-1,692;1
05-2000;-36,625;-71,025;86,600;9,821;-1,864;1
05-2000;-36,625;-70,975;74,090;10,146;-1,861;1
05-2000;-36,575;-72,925;53,180;14,848;6,273;3
05-2000;-36,575;-72,875;54,840;14,817;5,742;3
05-2000;-36,575;-72,825;53,930;15,097;5,234;3
05-2000;-36,575;-72,775;53,150;15,217;4,838;3
05-2000;-36,575;-72,725;53,110;15,601;4,516;3
05-2000;-36,575;-72,675;54,520;15,641;4,489;3
05-2000;-36,575;-72,625;49,980;15,938;4,485;3
05-2000;-36,575;-72,575;45,860;16,198;4,546;3
05-2000;-36,575;-72,525;46,800;16,157;4,518;3
05-2000;-36,575;-72,475;50,140;15,853;4,708;3
05-2000;-36,575;-72,425;59,430;15,425;4,515;3
05-2000;-36,575;-72,375;54,680;16,142;4,359;3
05-2000;-36,575;-72,325;53,280;16,479;4,144;3
05-2000;-36,575;-72,275;53,510;16,716;4,101;3
05-2000;-36,575;-72,225;55,030;16,613;4,075;3
05-2000;-36,575;-72,175;55,140;16,733;3,957;3
05-2000;-36,575;-72,125;55,280;16,611;3,994;3
05-2000;-36,575;-72,075;56,130;16,697;3,953;3
05-2000;-36,575;-72,025;57,350;16,733;4,025;3
05-2000;-36,575;-71,975;59,580;16,753;3,910;3
05-2000;-36,575;-71,925;62,960;16,585;3,790;3
05-2000;-36,575;-71,875;66,530;16,319;3,613;3
05-2000;-36,575;-71,825;69,800;16,043;3,893;3
05-2000;-36,575;-71,775;72,190;16,110;3,886;3
05-2000;-36,575;-71,725;86,590;14,955;3,832;3
05-2000;-36,575;-71,675;94,890;14,733;3,602;3
05-2000;-36,575;-71,625;104,930;14,487;3,025;2
05-2000;-36,575;-71,575;93,770;14,771;3,167;3
05-2000;-36,575;-71,525;97,400;14,556;2,813;2
05-2000;-36,575;-71,475;111,840;12,761;2,039;2
05-2000;-36,575;-71,425;128,160;11,165;,894;2
05-2000;-36,575;-71,375;130,100;11,199;,211;1
05-2000;-36,575;-71,325;119,010;11,120;,061;1
05-2000;-36,575;-71,275;101,900;12,120;,069;2
05-2000;-36,575;-71,225;90,430;13,276;-,227;2
05-2000;-36,575;-71,175;98,330;12,137;-,891;1
05-2000;-36,575;-71,125;92,480;11,504;-1,269;1
05-2000;-36,575;-71,075;89,570;10,603;-1,686;1
05-2000;-36,575;-71,025;94,620;9,565;-1,962;1
05-2000;-36,575;-70,975;85,740;8,794;-2,113;1
05-2000;-36,525;-72,925;45,690;15,310;6,892;3
05-2000;-36,525;-72,875;53,760;14,646;6,174;3
05-2000;-36,525;-72,825;55,550;14,716;5,422;3
05-2000;-36,525;-72,775;48,580;15,514;4,811;3
05-2000;-36,525;-72,725;46,830;15,896;4,622;3
05-2000;-36,525;-72,675;47,460;15,709;4,705;3
05-2000;-36,525;-72,625;45,260;16,035;4,661;3
05-2000;-36,525;-72,575;46,040;16,199;4,579;3
05-2000;-36,525;-72,525;47,300;16,367;4,603;3
05-2000;-36,525;-72,475;50,150;16,345;4,573;3
05-2000;-36,525;-72,425;57,090;16,113;4,589;3
05-2000;-36,525;-72,375;53,580;16,466;4,363;3
05-2000;-36,525;-72,325;53,150;16,534;4,238;3
05-2000;-36,525;-72,275;54,150;16,524;4,103;3
05-2000;-36,525;-72,225;55,610;16,590;4,050;3
05-2000;-36,525;-72,175;55,430;16,569;3,991;3
05-2000;-36,525;-72,125;55,540;16,761;4,043;3
05-2000;-36,525;-72,075;56,120;16,683;4,133;3
05-2000;-36,525;-72,025;57,120;16,718;4,048;3
05-2000;-36,525;-71,975;59,310;16,649;4,042;3
05-2000;-36,525;-71,925;62,610;16,460;3,924;3
05-2000;-36,525;-71,875;66,140;16,361;3,810;3
05-2000;-36,525;-71,825;70,320;16,230;3,805;3
05-2000;-36,525;-71,775;73,710;15,837;4,225;3
05-2000;-36,525;-71,725;86,390;15,039;3,940;3
05-2000;-36,525;-71,675;90,490;14,981;3,679;3
05-2000;-36,525;-71,625;95,570;15,046;3,251;3
05-2000;-36,525;-71,575;87,890;15,344;3,087;3
05-2000;-36,525;-71,525;108,540;13,072;2,279;2
05-2000;-36,525;-71,475;142,230;11,432;1,579;2
05-2000;-36,525;-71,425;115,590;12,702;1,643;2
05-2000;-36,525;-71,375;117,000;12,719;1,127;2
05-2000;-36,525;-71,325;109,820;12,539;,309;2
05-2000;-36,525;-71,275;113,740;11,370;-,303;1
05-2000;-36,525;-71,225;103,480;11,449;-,432;1
05-2000;-36,525;-71,175;92,280;11,974;-,375;1
05-2000;-36,525;-71,125;90,960;11,995;-,932;1
05-2000;-36,525;-71,075;99,640;9,487;-1,792;1
05-2000;-36,525;-71,025;102,320;8,668;-2,157;1
05-2000;-36,525;-70,975;100,050;8,103;-2,297;1
05-2000;-36,475;-72,925;43,910;15,384;7,409;3
05-2000;-36,475;-72,875;53,960;14,861;6,539;3
05-2000;-36,475;-72,825;57,180;14,524;5,813;3
05-2000;-36,475;-72,775;51,640;14,957;5,110;3
05-2000;-36,475;-72,725;44,830;15,739;4,827;3
05-2000;-36,475;-72,675;43,900;16,035;4,804;3
05-2000;-36,475;-72,625;45,920;16,050;4,705;3
05-2000;-36,475;-72,575;47,340;16,297;4,688;3
05-2000;-36,475;-72,525;50,340;16,220;4,623;3
05-2000;-36,475;-72,475;48,990;16,704;4,559;3
05-2000;-36,475;-72,425;50,320;16,710;4,461;3
05-2000;-36,475;-72,375;50,850;16,790;4,400;3
05-2000;-36,475;-72,325;52,930;16,672;4,115;3
05-2000;-36,475;-72,275;54,530;16,682;4,040;3
05-2000;-36,475;-72,225;56,440;16,646;3,833;3
05-2000;-36,475;-72,175;55,660;16,745;3,872;3
05-2000;-36,475;-72,125;55,560;16,795;3,945;3
05-2000;-36,475;-72,075;56,180;16,821;3,992;3
05-2000;-36,475;-72,025;57,080;16,779;4,033;3
05-2000;-36,475;-71,975;59,130;16,717;3,975;3
05-2000;-36,475;-71,925;62,400;16,571;3,852;3
05-2000;-36,475;-71,875;65,740;16,382;3,807;3
05-2000;-36,475;-71,825;70,070;16,364;3,846;3
05-2000;-36,475;-71,775;74,230;16,115;3,999;3
05-2000;-36,475;-71,725;79,060;15,603;3,989;3
05-2000;-36,475;-71,675;88,170;14,935;3,766;3
05-2000;-36,475;-71,625;94,120;14,651;3,478;3
05-2000;-36,475;-71,575;98,990;14,016;3,273;2
05-2000;-36,475;-71,525;123,120;12,422;2,353;2
05-2000;-36,475;-71,475;129,880;12,021;2,128;2
05-2000;-36,475;-71,425;101,190;13,478;1,851;2
05-2000;-36,475;-71,375;127,190;11,362;1,039;2
05-2000;-36,475;-71,325;120,720;11,337;,345;2
05-2000;-36,475;-71,275;114,660;10,958;-,319;1
05-2000;-36,475;-71,225;111,850;10,998;-,435;1
05-2000;-36,475;-71,175;88,870;12,453;-,520;2
05-2000;-36,475;-71,125;95,180;11,831;-,719;1
05-2000;-36,475;-71,075;105,060;9,804;-1,668;1
05-2000;-36,475;-71,025;108,960;8,974;-2,072;1
05-2000;-36,475;-70,975;96,220;8,759;-2,150;1
05-2000;-36,425;-72,925;44,830;15,681;7,525;3
05-2000;-36,425;-72,875;48,790;15,293;6,940;3
05-2000;-36,425;-72,825;56,860;14,666;6,225;3
05-2000;-36,425;-72,775;54,480;14,515;5,607;3
05-2000;-36,425;-72,725;44,330;15,500;5,165;3
05-2000;-36,425;-72,675;44,720;15,936;5,012;3
05-2000;-36,425;-72,625;45,030;16,418;4,847;3
05-2000;-36,425;-72,575;45,710;16,564;4,717;3
05-2000;-36,425;-72,525;47,160;16,760;4,630;3
05-2000;-36,425;-72,475;48,360;16,492;4,511;3
05-2000;-36,425;-72,425;47,660;16,741;4,378;3
05-2000;-36,425;-72,375;50,060;16,689;4,253;3
05-2000;-36,425;-72,325;52,610;16,673;4,148;3
05-2000;-36,425;-72,275;57,070;16,253;4,128;3
05-2000;-36,425;-72,225;58,780;16,448;4,052;3
05-2000;-36,425;-72,175;56,130;16,670;3,947;3
05-2000;-36,425;-72,125;55,520;16,731;3,903;3
05-2000;-36,425;-72,075;55,820;16,826;3,980;3
05-2000;-36,425;-72,025;56,490;16,918;4,036;3
05-2000;-36,425;-71,975;58,120;16,871;4,016;3
05-2000;-36,425;-71,925;60,910;16,654;3,926;3
05-2000;-36,425;-71,875;63,740;16,566;3,812;3
05-2000;-36,425;-71,825;67,620;16,522;3,813;3
05-2000;-36,425;-71,775;70,990;16,337;3,901;3
05-2000;-36,425;-71,725;77,050;15,633;3,991;3
05-2000;-36,425;-71,675;85,690;15,251;3,538;3
05-2000;-36,425;-71,625;87,280;15,107;3,623;3
05-2000;-36,425;-71,575;88,780;15,146;3,414;3
05-2000;-36,425;-71,525;90,980;14,825;3,368;3
05-2000;-36,425;-71,475;98,240;14,136;3,048;2
05-2000;-36,425;-71,425;99,190;13,831;2,279;2
05-2000;-36,425;-71,375;129,190;11,285;,901;2
05-2000;-36,425;-71,325;123,420;11,072;,577;2
05-2000;-36,425;-71,275;112,330;11,458;,195;2
05-2000;-36,425;-71,225;106,750;11,146;-,137;1
05-2000;-36,425;-71,175;99,840;11,434;-,414;1
05-2000;-36,425;-71,125;96,280;11,035;-1,226;1
05-2000;-36,425;-71,075;107,290;9,596;-1,661;1
05-2000;-36,425;-71,025;105,000;9,333;-2,044;1
05-2000;-36,425;-70,975;91,230;9,875;-1,409;1
05-2000;-36,375;-72,925;46,170;15,525;8,116;4
05-2000;-36,375;-72,875;45,500;15,436;7,393;3
05-2000;-36,375;-72,825;51,300;14,796;6,731;3
05-2000;-36,375;-72,775;56,420;14,261;5,997;3
05-2000;-36,375;-72,725;55,510;14,287;5,400;3
05-2000;-36,375;-72,675;48,240;15,668;4,920;3
05-2000;-36,375;-72,625;47,500;16,037;4,936;3
05-2000;-36,375;-72,575;49,180;16,028;4,745;3
05-2000;-36,375;-72,525;46,140;16,333;4,617;3
05-2000;-36,375;-72,475;50,220;15,535;4,455;3
05-2000;-36,375;-72,425;64,060;15,250;4,181;3
05-2000;-36,375;-72,375;53,490;16,649;4,200;3
05-2000;-36,375;-72,325;52,470;16,575;4,344;3
05-2000;-36,375;-72,275;59,570;16,304;4,149;3
05-2000;-36,375;-72,225;61,180;16,396;4,136;3
05-2000;-36,375;-72,175;57,730;16,720;3,928;3
05-2000;-36,375;-72,125;55,510;16,782;3,946;3
05-2000;-36,375;-72,075;55,420;16,779;3,953;3
05-2000;-36,375;-72,025;55,700;16,862;4,028;3
05-2000;-36,375;-71,975;56,840;16,947;4,029;3
05-2000;-36,375;-71,925;58,990;16,860;3,927;3
05-2000;-36,375;-71,875;60,980;16,666;3,870;3
05-2000;-36,375;-71,825;64,400;16,454;3,922;3
05-2000;-36,375;-71,775;67,250;16,518;3,933;3
05-2000;-36,375;-71,725;73,550;15,828;4,129;3
05-2000;-36,375;-71,675;77,610;15,626;3,869;3
05-2000;-36,375;-71,625;80,440;15,352;3,592;3
05-2000;-36,375;-71,575;81,560;15,363;3,618;3
05-2000;-36,375;-71,525;81,340;15,052;3,556;3
05-2000;-36,375;-71,475;98,090;14,161;3,103;2
05-2000;-36,375;-71,425;115,380;12,780;2,308;2
05-2000;-36,375;-71,375;128,900;11,799;1,485;2
05-2000;-36,375;-71,325;114,560;12,051;1,378;2
05-2000;-36,375;-71,275;97,200;12,642;,981;2
05-2000;-36,375;-71,225;100,390;12,446;,741;2
05-2000;-36,375;-71,175;99,450;11,870;-,471;1
05-2000;-36,375;-71,125;107,870;10,127;-1,389;1
05-2000;-36,375;-71,075;107,470;9,801;-1,787;1
05-2000;-36,375;-71,025;109,480;9,554;-1,937;1
05-2000;-36,375;-70,975;98,520;9,283;-1,986;1
05-2000;-36,325;-72,925;47,010;15,455;8,439;4
05-2000;-36,325;-72,875;46,280;15,335;7,981;3
05-2000;-36,325;-72,825;51,090;15,105;7,159;3
05-2000;-36,325;-72,775;57,490;14,545;6,213;3
05-2000;-36,325;-72,725;62,460;14,207;5,616;3
05-2000;-36,325;-72,675;57,250;14,964;5,339;3
05-2000;-36,325;-72,625;52,790;15,740;5,093;3
05-2000;-36,325;-72,575;51,970;15,913;4,832;3
05-2000;-36,325;-72,525;49,390;15,631;4,712;3
05-2000;-36,325;-72,475;66,670;14,562;4,222;3
05-2000;-36,325;-72,425;58,690;16,079;4,177;3
05-2000;-36,325;-72,375;52,560;16,511;4,105;3
05-2000;-36,325;-72,325;55,510;16,432;4,147;3
05-2000;-36,325;-72,275;59,360;16,301;4,068;3
05-2000;-36,325;-72,225;59,330;16,386;4,079;3
05-2000;-36,325;-72,175;58,330;16,594;4,009;3
05-2000;-36,325;-72,125;55,880;16,884;3,912;3
05-2000;-36,325;-72,075;55,520;16,930;3,991;3
05-2000;-36,325;-72,025;55,220;16,983;4,006;3
05-2000;-36,325;-71,975;53,380;16,899;3,987;3
05-2000;-36,325;-71,925;57,210;16,877;4,009;3
05-2000;-36,325;-71,875;58,240;16,803;4,008;3
05-2000;-36,325;-71,825;61,190;16,798;4,060;3
05-2000;-36,325;-71,775;63,570;16,433;4,275;3
05-2000;-36,325;-71,725;67,810;16,054;4,104;3
05-2000;-36,325;-71,675;72,440;15,751;3,887;3
05-2000;-36,325;-71,625;74,000;15,535;3,905;3
05-2000;-36,325;-71,575;81,750;15,192;3,634;3
05-2000;-36,325;-71,525;79,990;15,075;3,561;3
05-2000;-36,325;-71,475;88,660;14,639;3,277;3
05-2000;-36,325;-71,425;110,340;13,193;2,689;2
05-2000;-36,325;-71,375;104,310;13,959;2,523;2
05-2000;-36,325;-71,325;106,240;13,220;1,985;2
05-2000;-36,325;-71,275;95,100;13,170;1,057;2
05-2000;-36,325;-71,225;110,380;11,344;-,384;1
05-2000;-36,325;-71,175;112,430;10,687;-,687;1
05-2000;-36,325;-71,125;119,980;8,945;-1,666;1
05-2000;-36,325;-71,075;108,390;9,459;-1,742;1
05-2000;-36,325;-71,025;104,100;10,472;-1,463;1
05-2000;-36,325;-70,975;90,530;10,775;-1,086;1
05-2000;-36,275;-72,925;48,060;-9999,0;-9999,0;0
05-2000;-36,275;-72,875;47,620;15,418;8,247;4
05-2000;-36,275;-72,825;47,830;15,426;7,440;3
05-2000;-36,275;-72,775;55,110;14,714;6,580;3
05-2000;-36,275;-72,725;64,220;14,318;5,719;3
05-2000;-36,275;-72,675;57,560;14,931;5,506;3
05-2000;-36,275;-72,625;55,410;15,592;5,034;3
05-2000;-36,275;-72,575;54,530;15,786;4,668;3
05-2000;-36,275;-72,525;55,420;15,432;4,450;3
05-2000;-36,275;-72,475;66,560;15,179;3,985;3
05-2000;-36,275;-72,425;57,370;16,174;3,872;3
05-2000;-36,275;-72,375;52,730;16,555;3,854;3
05-2000;-36,275;-72,325;54,650;16,623;3,808;3
05-2000;-36,275;-72,275;59,200;16,162;4,146;3
05-2000;-36,275;-72,225;65,690;15,985;3,870;3
05-2000;-36,275;-72,175;60,670;16,485;3,829;3
05-2000;-36,275;-72,125;57,000;16,864;3,975;3
05-2000;-36,275;-72,075;55,920;17,021;3,954;3
05-2000;-36,275;-72,025;52,760;16,970;3,993;3
05-2000;-36,275;-71,975;52,870;16,937;4,034;3
05-2000;-36,275;-71,925;52,960;16,766;4,065;3
05-2000;-36,275;-71,875;56,160;16,760;4,104;3
05-2000;-36,275;-71,825;58,370;16,881;4,146;3
05-2000;-36,275;-71,775;60,610;16,687;4,166;3
05-2000;-36,275;-71,725;63,600;16,147;4,195;3
05-2000;-36,275;-71,675;67,950;15,774;3,808;3
05-2000;-36,275;-71,625;70,920;15,545;3,602;3
05-2000;-36,275;-71,575;73,220;15,301;3,481;3
05-2000;-36,275;-71,525;73,680;15,419;3,494;3
05-2000;-36,275;-71,475;82,000;14,955;3,442;3
05-2000;-36,275;-71,425;98,710;13,921;2,761;2
05-2000;-36,275;-71,375;106,270;13,742;2,470;2
05-2000;-36,275;-71,325;92,130;14,502;2,399;2
05-2000;-36,275;-71,275;105,910;12,932;1,589;2
05-2000;-36,275;-71,225;111,720;11,762;-,081;2
05-2000;-36,275;-71,175;122,150;9,866;-1,151;1
05-2000;-36,275;-71,125;111,420;10,125;-1,201;1
05-2000;-36,275;-71,075;107,440;11,183;-,982;1
05-2000;-36,275;-71,025;100,470;11,427;-1,117;1
05-2000;-36,275;-70,975;86,950;12,525;-,497;2
05-2000;-36,225;-72,925;48,690;15,316;9,084;4
05-2000;-36,225;-72,875;50,740;15,293;8,333;4
05-2000;-36,225;-72,825;48,400;15,475;7,774;3
05-2000;-36,225;-72,775;58,050;14,664;6,883;3
05-2000;-36,225;-72,725;58,810;14,718;6,328;3
05-2000;-36,225;-72,675;59,760;14,748;5,781;3
05-2000;-36,225;-72,625;62,240;15,451;5,010;3
05-2000;-36,225;-72,575;55,030;16,047;4,742;3
05-2000;-36,225;-72,525;58,630;15,638;4,556;3
05-2000;-36,225;-72,475;59,290;15,601;4,318;3
05-2000;-36,225;-72,425;55,940;15,815;4,248;3
05-2000;-36,225;-72,375;55,170;16,065;3,964;3
05-2000;-36,225;-72,325;56,220;16,244;3,891;3
05-2000;-36,225;-72,275;57,540;16,432;3,768;3
05-2000;-36,225;-72,225;60,690;16,349;3,921;3
05-2000;-36,225;-72,175;60,510;16,436;3,774;3
05-2000;-36,225;-72,125;56,210;16,860;3,839;3
05-2000;-36,225;-72,075;55,170;17,017;3,962;3
05-2000;-36,225;-72,025;52,020;17,044;3,953;3
05-2000;-36,225;-71,975;51,890;16,944;4,023;3
05-2000;-36,225;-71,925;51,760;16,908;4,030;3
05-2000;-36,225;-71,875;54,800;16,845;3,997;3
05-2000;-36,225;-71,825;57,000;17,075;4,072;3
05-2000;-36,225;-71,775;59,310;17,096;4,034;3
05-2000;-36,225;-71,725;61,770;16,732;3,892;3
05-2000;-36,225;-71,675;65,440;16,047;3,894;3
05-2000;-36,225;-71,625;69,550;15,536;3,707;3
05-2000;-36,225;-71,575;71,240;15,584;3,617;3
05-2000;-36,225;-71,525;72,480;15,337;3,604;3
05-2000;-36,225;-71,475;78,120;15,158;3,563;3
05-2000;-36,225;-71,425;89,220;14,682;3,268;3
05-2000;-36,225;-71,375;97,330;14,032;3,040;2
05-2000;-36,225;-71,325;103,370;12,822;2,238;2
05-2000;-36,225;-71,275;113,750;11,502;1,635;2
05-2000;-36,225;-71,225;102,330;12,039;,676;2
05-2000;-36,225;-71,175;120,080;9,666;-,616;1
05-2000;-36,225;-71,125;114,240;9,581;-1,013;1
05-2000;-36,225;-71,075;111,900;9,760;-1,082;1
05-2000;-36,225;-71,025;110,890;9,860;-1,200;1
05-2000;-36,225;-70,975;101,840;10,949;-,897;1
05-2000;-36,175;-72,925;48,970;-9999,0;-9999,0;0
05-2000;-36,175;-72,875;51,620;15,446;8,599;4
05-2000;-36,175;-72,825;49,500;15,492;7,932;3
05-2000;-36,175;-72,775;54,110;15,243;7,339;3
05-2000;-36,175;-72,725;61,710;14,480;6,725;3
05-2000;-36,175;-72,675;66,390;14,561;6,056;3
05-2000;-36,175;-72,625;62,570;15,242;5,679;3
05-2000;-36,175;-72,575;58,400;15,899;5,209;3
05-2000;-36,175;-72,525;56,500;16,062;4,838;3
05-2000;-36,175;-72,475;58,340;15,937;4,484;3
05-2000;-36,175;-72,425;57,550;15,784;4,394;3
05-2000;-36,175;-72,375;59,030;15,903;4,176;3
05-2000;-36,175;-72,325;59,730;16,062;4,093;3
05-2000;-36,175;-72,275;59,400;16,316;3,956;3
05-2000;-36,175;-72,225;57,470;16,446;3,770;3
05-2000;-36,175;-72,175;59,720;16,422;3,933;3
05-2000;-36,175;-72,125;57,080;16,818;3,733;3
05-2000;-36,175;-72,075;53,960;16,984;3,798;3
05-2000;-36,175;-72,025;50,530;17,225;3,880;3
05-2000;-36,175;-71,975;50,660;17,067;3,835;3
05-2000;-36,175;-71,925;53,460;16,998;3,913;3
05-2000;-36,175;-71,875;54,240;16,983;3,879;3
05-2000;-36,175;-71,825;56,280;16,928;3,849;3
05-2000;-36,175;-71,775;58,170;16,925;3,811;3
05-2000;-36,175;-71,725;60,460;16,851;3,757;3
05-2000;-36,175;-71,675;62,820;16,598;3,662;3
05-2000;-36,175;-71,625;66,140;16,002;3,630;3
05-2000;-36,175;-71,575;67,890;15,612;4,044;3
05-2000;-36,175;-71,525;68,420;15,411;4,083;3
05-2000;-36,175;-71,475;81,150;14,711;3,841;3
05-2000;-36,175;-71,425;89,810;14,531;3,390;3
05-2000;-36,175;-71,375;95,530;14,572;3,364;3
05-2000;-36,175;-71,325;97,300;14,282;2,952;2
05-2000;-36,175;-71,275;105,010;12,797;1,388;2
05-2000;-36,175;-71,225;111,150;11,741;,871;2
05-2000;-36,175;-71,175;123,030;10,405;-,596;1
05-2000;-36,175;-71,125;113,540;11,215;-,278;1
05-2000;-36,175;-71,075;114,350;10,009;-,863;1
05-2000;-36,175;-71,025;126,180;9,368;-1,459;1
05-2000;-36,175;-70,975;101,610;10,340;-1,177;1
05-2000;-36,125;-72,925;51,180;-9999,0;-9999,0;0
05-2000;-36,125;-72,875;52,380;15,336;8,977;4
05-2000;-36,125;-72,825;49,770;15,701;8,311;4
05-2000;-36,125;-72,775;53,890;15,227;7,722;3
05-2000;-36,125;-72,725;61,640;14,910;7,188;3
05-2000;-36,125;-72,675;63,540;14,870;6,607;3
05-2000;-36,125;-72,625;64,240;15,113;6,052;3
05-2000;-36,125;-72,575;62,020;15,518;5,712;3
05-2000;-36,125;-72,525;61,240;15,891;5,221;3
05-2000;-36,125;-72,475;56,080;16,360;4,978;3
05-2000;-36,125;-72,425;58,220;16,077;4,681;3
05-2000;-36,125;-72,375;57,460;16,275;4,399;3
05-2000;-36,125;-72,325;55,770;16,728;4,025;3
05-2000;-36,125;-72,275;55,090;16,824;3,735;3
05-2000;-36,125;-72,225;55,110;16,827;3,516;3
05-2000;-36,125;-72,175;53,800;16,934;3,635;3
05-2000;-36,125;-72,125;53,510;17,065;3,684;3
05-2000;-36,125;-72,075;52,590;17,210;3,681;3
05-2000;-36,125;-72,025;52,280;17,176;3,746;3
05-2000;-36,125;-71,975;52,370;17,170;3,780;3
05-2000;-36,125;-71,925;52,650;17,113;3,834;3
05-2000;-36,125;-71,875;53,150;17,179;3,897;3
05-2000;-36,125;-71,825;54,820;16,919;3,913;3
05-2000;-36,125;-71,775;56,770;16,822;3,827;3
05-2000;-36,125;-71,725;58,810;16,651;3,803;3
05-2000;-36,125;-71,675;60,580;16,538;3,719;3
05-2000;-36,125;-71,625;62,580;16,402;3,680;3
05-2000;-36,125;-71,575;64,100;16,159;3,812;3
05-2000;-36,125;-71,525;62,150;15,831;4,391;3
05-2000;-36,125;-71,475;75,270;15,213;3,893;3
05-2000;-36,125;-71,425;86,970;14,635;3,585;3
05-2000;-36,125;-71,375;87,270;14,833;3,711;3
05-2000;-36,125;-71,325;88,580;14,300;3,511;3
05-2000;-36,125;-71,275;92,700;13,985;2,919;2
05-2000;-36,125;-71,225;93,430;14,099;1,910;2
05-2000;-36,125;-71,175;109,520;12,724;1,262;2
05-2000;-36,125;-71,125;101,520;13,596;,945;2
05-2000;-36,125;-71,075;119,980;10,830;-,577;1
05-2000;-36,125;-71,025;130,550;9,033;-1,470;1
05-2000;-36,125;-70,975;105,910;10,697;-,734;1
05-2000;-36,075;-72,925;50,400;-9999,0;-9999,0;0
05-2000;-36,075;-72,875;51,770;15,374;9,168;4
05-2000;-36,075;-72,825;50,300;15,632;8,670;4
05-2000;-36,075;-72,775;53,300;15,393;8,160;3
05-2000;-36,075;-72,725;57,980;14,943;7,646;3
05-2000;-36,075;-72,675;65,490;14,592;7,150;3
05-2000;-36,075;-72,625;72,390;14,435;6,510;3
05-2000;-36,075;-72,575;72,190;14,410;6,127;3
05-2000;-36,075;-72,525;65,720;15,514;5,542;3
05-2000;-36,075;-72,475;56,100;16,637;5,209;3
05-2000;-36,075;-72,425;53,580;16,843;4,912;3
05-2000;-36,075;-72,375;53,490;16,850;4,513;3
05-2000;-36,075;-72,325;53,880;16,860;4,103;3
05-2000;-36,075;-72,275;52,800;16,918;3,762;3
05-2000;-36,075;-72,225;53,670;16,437;3,884;3
05-2000;-36,075;-72,175;59,560;16,309;3,566;3
05-2000;-36,075;-72,125;54,030;16,824;3,746;3
05-2000;-36,075;-72,075;51,500;17,194;3,609;3
05-2000;-36,075;-72,025;50,960;17,277;3,624;3
05-2000;-36,075;-71,975;51,030;17,242;3,685;3
05-2000;-36,075;-71,925;51,670;17,153;3,668;3
05-2000;-36,075;-71,875;52,170;17,101;3,748;3
05-2000;-36,075;-71,825;53,570;17,073;3,804;3
05-2000;-36,075;-71,775;55,820;16,774;3,897;3
05-2000;-36,075;-71,725;57,320;16,703;3,907;3
05-2000;-36,075;-71,675;58,030;16,606;3,772;3
05-2000;-36,075;-71,625;59,010;16,620;3,739;3
05-2000;-36,075;-71,575;59,390;16,481;3,885;3
05-2000;-36,075;-71,525;56,060;16,127;4,419;3
05-2000;-36,075;-71,475;66,660;15,468;4,258;3
05-2000;-36,075;-71,425;78,380;14,792;3,911;3
05-2000;-36,075;-71,375;81,110;14,871;3,743;3
05-2000;-36,075;-71,325;86,080;14,421;3,709;3
05-2000;-36,075;-71,275;103,830;12,496;2,618;2
05-2000;-36,075;-71,225;104,880;12,123;1,613;2
05-2000;-36,075;-71,175;107,750;12,242;1,161;2
05-2000;-36,075;-71,125;111,700;12,101;,150;2
05-2000;-36,075;-71,075;126,390;10,423;-,483;1
05-2000;-36,075;-71,025;125,910;9,865;-1,294;1
05-2000;-36,075;-70,975;102,800;10,215;-,841;1
05-2000;-36,025;-72,925;49,340;-9999,0;-9999,0;0
05-2000;-36,025;-72,875;50,980;15,412;9,359;4
05-2000;-36,025;-72,825;50,070;15,647;9,037;4
05-2000;-36,025;-72,775;50,920;15,530;8,657;4
05-2000;-36,025;-72,725;63,280;14,523;7,877;3
05-2000;-36,025;-72,675;70,230;14,309;7,319;3
05-2000;-36,025;-72,625;70,810;14,685;6,861;3
05-2000;-36,025;-72,575;72,030;14,481;6,409;3
05-2000;-36,025;-72,525;75,600;14,518;6,021;3
05-2000;-36,025;-72,475;57,650;16,139;5,564;3
05-2000;-36,025;-72,425;54,240;16,564;5,054;3
05-2000;-36,025;-72,375;51,690;16,813;4,562;3
05-2000;-36,025;-72,325;51,790;16,949;4,103;3
05-2000;-36,025;-72,275;51,890;16,863;3,700;3
05-2000;-36,025;-72,225;53,490;16,803;3,618;3
05-2000;-36,025;-72,175;53,060;16,971;3,582;3
05-2000;-36,025;-72,125;50,770;17,174;3,564;3
05-2000;-36,025;-72,075;50,120;17,363;3,632;3
05-2000;-36,025;-72,025;49,520;17,645;3,549;3
05-2000;-36,025;-71,975;50,030;17,493;3,537;3
05-2000;-36,025;-71,925;50,740;17,302;3,633;3
05-2000;-36,025;-71,875;51,060;17,252;3,633;3
05-2000;-36,025;-71,825;52,680;17,273;3,717;3
05-2000;-36,025;-71,775;54,430;17,163;3,807;3
05-2000;-36,025;-71,725;55,390;16,931;3,810;3
05-2000;-36,025;-71,675;55,290;16,699;3,784;3
05-2000;-36,025;-71,625;55,610;16,432;3,904;3
05-2000;-36,025;-71,575;53,980;15,989;4,591;3
05-2000;-36,025;-71,525;56,670;15,798;4,607;3
05-2000;-36,025;-71,475;68,090;14,999;4,350;3
05-2000;-36,025;-71,425;70,920;15,217;4,302;3
05-2000;-36,025;-71,375;80,130;14,494;4,143;3
05-2000;-36,025;-71,325;87,630;13,527;3,452;2
05-2000;-36,025;-71,275;91,880;13,012;3,109;2
05-2000;-36,025;-71,225;113,480;10,929;1,533;2
05-2000;-36,025;-71,175;125,330;8,813;-,146;1
05-2000;-36,025;-71,125;142,140;8,314;-,560;1
05-2000;-36,025;-71,075;121,030;10,102;-,702;1
05-2000;-36,025;-71,025;119,100;9,631;-1,119;1
05-2000;-36,025;-70,975;84,200;12,769;-,008;2
